{
    "avg_prec": {
        "train": 0.9765775558040285,
        "test": 0.9569533921505977
    },
    "roc_auc": {
        "train": 0.9879923354816701,
        "test": 0.9729366526344481
    }
}